name,category,cal,protein,carbs,fat
Garlic Masala,Chinese-Indian,719,5.1,53.9,22.6
Spicy Roll,Sweet,277,39.1,25.3,51.6
Special Noodles,South Indian,541,27.3,27.3,34.9
Butter Manchurian,Biryani,564,17.5,17.3,31.9
Gravy Noodles,Sweet,196,20.9,69.5,21.0
Butter Cutlet,Dal,519,3.1,26.9,20.9
Goan Pulav,Curry,665,10.9,40.0,39.1
Kashmiri 65,Biryani,256,31.1,46.8,7.9
Spicy Roll,Biryani,608,13.0,72.8,55.6
Fish Tandoori,Chinese-Indian,417,13.0,23.6,20.7
Butter Handi,South Indian,242,31.3,61.9,27.2
Gravy 65,Street Food,731,16.3,19.7,26.2
Butter Curry,Sweet,175,39.7,78.1,29.0
Spicy Biryani,Rice,724,14.9,12.5,30.8
Gravy Curry,Biryani,361,19.2,14.6,32.1
Garlic Fry,Sweet,317,31.1,73.7,11.3
Butter Fry,Rice,626,13.9,38.2,10.2
Gravy Noodles,Street Food,382,5.0,50.1,37.5
Masala Butter Masala,Tandoor,830,23.4,71.1,8.2
Masala Manchurian,Street Food,163,35.4,38.8,40.9
Gravy Manchurian,Dal,785,39.5,34.5,41.0
Masala 65,Dal,431,16.2,12.9,11.6
Hyderabadi Cutlet,Biryani,475,37.6,21.9,35.2
Mild Khichdi,Sweet,228,6.0,10.5,4.8
Mild Butter Masala,Snacks,838,14.2,37.0,14.5
Fish Butter Masala,Bread,408,5.6,50.5,48.0
Paneer Butter Masala,Biryani,404,9.0,65.0,36.5
Punjabi Roll,Chinese-Indian,560,34.1,39.4,41.0
Kashmiri Biryani,Curry,439,32.5,41.8,20.1
Garlic Roast,Curry,300,23.1,58.9,5.9
Spicy Vindaloo,Tandoor,523,3.5,72.2,54.6
Mild Butter Masala,Curry,801,29.3,55.7,46.6
Kolhapuri Roll,Kebab,736,36.9,22.9,43.6
Gravy Chaat,Curry,738,22.0,65.2,12.5
Chicken Roll,Biryani,542,38.0,47.4,17.6
Paneer Biryani,Tandoor,531,34.2,27.3,7.1
Mutton Roast,Rice,521,8.8,11.6,7.8
Mild Kolhapuri,Biryani,297,17.8,35.2,51.6
Veg Fry,Sweet,758,11.2,76.0,40.0
Kashmiri Chaat,Bread,497,14.4,62.9,53.6
Garlic Noodles,Chinese-Indian,777,25.0,48.6,39.7
Spicy Kebab,Rice,542,24.7,51.1,17.4
Tikka Masala,Tandoor,495,4.3,41.1,53.6
Butter 65,Snacks,690,4.1,14.0,6.7
Masala Masala,Bread,742,38.3,16.5,51.3
Mutton Cutlet,Street Food,556,4.8,10.2,47.4
Mutton Tandoori,Rice,806,13.8,76.1,45.3
Special Biryani,South Indian,611,13.4,9.5,20.8
Chicken Roll,Chinese-Indian,145,22.4,73.6,49.7
Chicken Pulav,Tandoor,179,22.5,24.8,27.6
Chettinad Masala,Tandoor,826,21.0,16.0,20.8
Chettinad Roll,Biryani,489,19.0,47.0,41.6
Fry Vindaloo,Biryani,137,31.2,14.7,39.7
Kolhapuri Kolhapuri,Biryani,648,25.4,59.4,26.3
Punjabi Handi,Snacks,626,36.9,54.9,38.3
Veg Vindaloo,Sweet,468,27.4,80.0,11.3
Gravy Kolhapuri,Chinese-Indian,173,21.3,68.5,58.7
Kolhapuri Chaat,Bread,175,17.3,6.9,10.5
Fry Noodles,Tandoor,750,10.4,34.7,40.6
Fish Butter Masala,Chinese-Indian,836,25.9,77.6,34.5
Special Butter Masala,Tandoor,153,17.0,42.9,22.3
Chettinad Kolhapuri,Bread,686,14.9,23.6,32.0
Special Pulav,Dal,578,28.1,43.9,3.5
Paneer 65,Dal,193,10.3,34.7,7.6
Kolhapuri Curry,Biryani,432,23.9,79.7,48.5
Masala Kebab,Bread,729,39.8,71.0,31.0
Chicken Tandoori,Tandoor,463,18.7,64.6,37.6
Egg Handi,South Indian,461,26.8,76.7,50.9
Punjabi Fry,Bread,207,23.6,57.1,3.0
Chicken Tandoori,Snacks,701,31.6,68.0,56.3
Tikka Biryani,South Indian,281,10.5,10.6,43.6
Mild Pulav,Tandoor,816,22.5,56.7,21.9
Tikka Cutlet,Bread,510,33.2,37.3,48.1
Mutton Roll,Kebab,528,17.4,43.6,39.8
Goan Biryani,Sweet,123,16.2,65.8,25.6
Spicy Khichdi,Snacks,711,29.3,76.9,49.2
Fry Manchurian,South Indian,608,30.1,48.2,27.8
Kashmiri Roast,Kebab,166,2.9,27.2,50.4
Veg Kebab,Kebab,788,20.2,77.5,36.9
Egg Kolhapuri,Chinese-Indian,827,15.2,16.3,25.7
Tikka Roast,South Indian,127,39.8,59.8,38.5
Kolhapuri Kebab,Tandoor,400,28.3,54.2,46.9
Mild Roast,Curry,519,11.0,17.6,37.5
Mutton Kolhapuri,Snacks,491,27.4,34.3,32.7
Hyderabadi Cutlet,Street Food,438,7.2,79.7,29.7
Mutton Tandoori,Kebab,584,17.4,47.5,19.5
Garlic Handi,Curry,815,28.3,37.7,7.5
Garlic Butter Masala,Biryani,301,28.2,55.8,45.6
Masala 65,Bread,777,7.2,60.8,12.8
Garlic Roast,Chinese-Indian,415,7.6,65.2,14.4
Goan Cutlet,Tandoor,588,24.2,36.0,31.1
Masala Tandoori,South Indian,123,23.6,39.2,31.3
Goan Do Pyaza,South Indian,457,2.6,63.7,16.0
Mutton Masala,South Indian,178,11.5,20.1,52.3
Veg 65,Snacks,470,17.8,12.1,14.8
Chicken Do Pyaza,South Indian,757,15.4,10.9,11.7
Mild Fry,South Indian,831,21.1,68.7,17.3
Gravy Kolhapuri,Dal,742,27.6,68.8,32.3
Tikka Cutlet,Street Food,416,39.9,67.8,21.1
Paneer 65,Street Food,625,39.6,77.7,46.8
Chettinad Pulav,Snacks,650,13.0,71.6,6.5
Kashmiri Handi,Curry,668,22.8,27.1,54.9
Fry Do Pyaza,Street Food,699,28.8,24.9,48.2
Egg Butter Masala,South Indian,663,25.9,8.4,11.2
Fish Noodles,Sweet,700,26.7,50.0,36.6
Mutton Kebab,South Indian,836,3.6,54.0,48.3
Veg Handi,South Indian,671,9.4,20.8,35.1
Kashmiri Roll,Street Food,674,17.0,23.8,10.5
Goan Roast,Sweet,443,17.3,69.4,57.4
Chettinad Masala,Bread,725,29.0,35.7,25.7
Kolhapuri Manchurian,Curry,659,35.2,33.9,11.9
Chettinad Chaat,Kebab,204,11.8,18.8,4.6
Paneer Pulav,Kebab,213,22.4,35.2,37.4
Andhra Biryani,Tandoor,308,20.7,42.9,36.5
Hyderabadi Cutlet,Biryani,345,18.5,15.7,5.2
Special Fry,Rice,313,2.7,62.2,36.0
Butter Masala,Biryani,252,34.5,17.2,12.6
Hyderabadi Pulav,Tandoor,436,2.1,7.0,23.1
Hyderabadi Roll,Street Food,828,3.3,33.8,8.8
Goan 65,Sweet,738,33.5,76.4,30.2
Punjabi Noodles,Dal,317,24.9,49.0,49.4
Chettinad Roll,South Indian,398,11.5,70.6,25.1
Veg Biryani,Street Food,778,8.2,71.0,47.4
Egg Biryani,Tandoor,361,13.2,57.2,10.3
Butter Tandoori,Snacks,792,6.5,70.6,56.5
Masala Noodles,Street Food,363,23.8,59.1,38.7
Special Khichdi,Bread,336,32.5,42.9,20.8
Masala Curry,Dal,219,23.5,17.1,25.3
Fry Noodles,Curry,729,21.5,53.2,58.5
Garlic Kolhapuri,Bread,655,21.1,55.2,37.2
Gravy Noodles,Curry,253,20.5,47.8,33.6
Punjabi Pulav,Biryani,212,13.6,62.5,45.3
Butter Vindaloo,Bread,265,31.7,25.8,13.8
Hyderabadi Kolhapuri,Curry,623,10.7,20.6,28.9
Fish Butter Masala,Kebab,709,23.0,55.3,52.2
Masala Manchurian,Rice,144,27.4,23.0,42.4
Spicy Vindaloo,Snacks,676,28.7,18.2,53.8
Gravy Noodles,South Indian,548,25.0,19.8,9.0
Tikka Cutlet,Kebab,722,32.2,58.1,23.3
Gravy Roast,Kebab,756,18.4,32.1,8.5
Goan 65,Snacks,644,17.2,29.3,11.1
Tikka Do Pyaza,Biryani,289,11.8,28.1,5.3
Punjabi Biryani,South Indian,626,23.3,19.2,5.9
Veg Handi,Rice,448,3.2,52.4,20.6
Punjabi Roast,South Indian,607,18.2,68.8,9.7
Veg Biryani,Bread,476,35.8,58.6,2.4
Kashmiri Noodles,Rice,485,23.1,25.6,54.5
Egg Tandoori,Bread,629,25.1,60.1,38.1
Paneer Fry,Bread,466,30.7,51.9,54.5
Goan Tandoori,Sweet,641,35.5,66.7,14.0
Chicken Roll,Bread,710,36.3,50.5,40.7
Paneer Khichdi,Chinese-Indian,249,33.5,61.7,25.4
Andhra Roll,Bread,709,20.0,49.6,47.7
Tikka Butter Masala,Biryani,327,22.7,50.1,49.3
Goan Pulav,Biryani,498,7.8,42.3,3.5
Fry Butter Masala,Bread,434,27.0,79.2,28.4
Special Roast,Street Food,687,37.2,39.0,52.0
Egg Chaat,Dal,792,39.8,37.9,19.5
Fry Fry,Rice,535,23.8,71.6,13.6
Tikka Kolhapuri,Snacks,846,27.2,53.3,28.4
Butter Cutlet,Snacks,221,12.5,40.6,7.4
Special Butter Masala,Biryani,457,25.6,9.3,44.4
Paneer Tandoori,Chinese-Indian,776,19.4,50.8,5.9
Gravy Khichdi,Curry,424,14.9,46.6,50.8
Goan Chaat,Sweet,458,23.6,59.5,26.4
Fish Roast,Rice,176,6.7,50.6,38.1
Mild Roast,Kebab,630,39.4,46.7,57.9
Goan Biryani,Street Food,509,13.5,72.6,55.2
Kashmiri Kolhapuri,Sweet,611,31.1,26.0,42.2
Veg Noodles,Dal,564,29.2,78.9,50.0
Fish 65,Rice,436,2.1,43.7,10.8
Paneer Vindaloo,Snacks,326,38.9,41.7,11.2
Mild Chaat,Street Food,490,26.9,63.7,53.4
Mild Curry,Sweet,300,36.0,15.9,15.8
Andhra Kolhapuri,Chinese-Indian,612,30.0,15.4,32.8
Gravy Masala,Kebab,238,18.7,59.7,37.5
Andhra Chaat,Street Food,804,35.9,32.1,28.0
Garlic Pulav,Dal,469,13.7,20.0,22.6
Mild Kolhapuri,Sweet,447,26.2,37.5,32.0
Kolhapuri Vindaloo,Kebab,455,28.6,5.1,3.8
Andhra Roll,Dal,291,32.6,46.0,5.4
Veg Manchurian,South Indian,188,18.1,46.9,37.0
Paneer 65,Kebab,146,21.3,79.2,7.5
Hyderabadi Do Pyaza,Biryani,349,8.3,11.7,50.0
Fish Fry,Sweet,141,24.9,61.0,20.7
Veg Cutlet,Tandoor,505,18.1,50.3,14.3
Chettinad Handi,Rice,674,29.4,77.5,40.7
Paneer Do Pyaza,Street Food,408,5.8,57.0,39.8
Chettinad Kolhapuri,Biryani,456,27.5,66.0,6.2
Hyderabadi Tandoori,Curry,381,7.2,10.5,2.3
Punjabi Fry,Chinese-Indian,596,5.6,47.2,8.4
Butter Fry,Dal,581,32.5,23.9,38.1
Egg Tandoori,Snacks,485,20.3,67.1,33.0
Paneer Do Pyaza,Kebab,662,36.3,61.9,59.6
Fry Kebab,South Indian,374,19.4,27.7,18.9
Tikka Tandoori,Rice,529,25.8,15.8,38.2
Kolhapuri Kolhapuri,Biryani,168,36.9,75.9,10.2
Kolhapuri Handi,Chinese-Indian,790,38.9,41.6,5.3
Hyderabadi Masala,Kebab,154,2.7,59.5,47.9
Chicken Khichdi,Sweet,696,8.5,56.0,4.6
Hyderabadi Do Pyaza,Bread,787,35.6,11.5,51.5
Veg Butter Masala,Kebab,317,31.2,55.9,50.9
Kashmiri Biryani,Tandoor,825,39.4,45.1,21.6
Egg Fry,Rice,558,28.1,48.4,3.9
Hyderabadi Pulav,Kebab,480,3.8,41.7,38.0
Special Handi,Tandoor,711,3.1,59.6,22.3
Andhra Masala,Chinese-Indian,435,23.3,60.1,13.8
Punjabi Curry,Sweet,393,35.4,22.0,46.4
Fish Butter Masala,Curry,532,12.1,7.5,24.2
Spicy Vindaloo,Kebab,289,19.4,62.7,10.3
Kashmiri Kolhapuri,Kebab,492,4.6,10.8,20.9
Mild Roast,Bread,659,11.4,62.9,12.4
Kolhapuri 65,Biryani,825,33.5,77.2,53.9
Chettinad Curry,Bread,209,10.1,9.7,23.3
Hyderabadi Kebab,Bread,280,37.7,67.5,25.9
Chettinad Chaat,Tandoor,336,14.2,79.7,45.8
Chettinad Biryani,Kebab,143,22.1,35.3,5.2
Punjabi Masala,Snacks,344,26.0,68.8,46.0
Egg Chaat,Bread,584,11.1,74.3,6.3
Egg Tandoori,Dal,438,7.1,16.1,31.9
Mild 65,Chinese-Indian,247,8.8,12.2,27.4
Garlic Handi,Street Food,488,6.5,40.2,33.3
Masala Roll,Tandoor,442,35.7,65.2,26.7
Chicken Biryani,Curry,206,5.5,21.4,56.0
Kashmiri Roll,Chinese-Indian,359,26.4,22.1,23.0
Kolhapuri Kolhapuri,Bread,224,21.5,38.8,50.9
Butter Vindaloo,Tandoor,683,17.0,36.9,37.3
Punjabi Curry,South Indian,534,2.7,33.4,30.9
Fry Khichdi,Kebab,756,39.4,64.3,6.7
Goan Noodles,Curry,241,6.7,8.6,35.4
Goan Cutlet,Biryani,839,27.1,65.5,8.6
Tikka Noodles,Snacks,664,7.5,49.1,39.5
Egg Cutlet,Sweet,549,10.7,26.7,36.6
Egg Do Pyaza,Biryani,615,9.9,28.4,24.5
Gravy Roast,Snacks,704,25.8,56.0,59.7
Mutton Cutlet,Street Food,736,7.2,9.2,25.1
Hyderabadi Handi,South Indian,518,27.2,16.0,23.5
Gravy Biryani,Bread,599,39.9,72.8,43.9
Mild Chaat,Rice,224,9.5,19.8,51.4
Chicken Roll,Dal,453,29.5,39.5,10.2
Mild Noodles,Biryani,342,23.4,72.4,27.3
Fry Butter Masala,Rice,123,15.0,57.2,41.7
Goan Cutlet,Tandoor,630,20.6,77.1,24.4
Andhra Handi,Dal,575,4.0,67.3,7.4
Hyderabadi Cutlet,Sweet,395,33.0,38.5,33.0
Special Fry,Bread,648,8.1,19.7,9.7
Garlic Kolhapuri,Bread,308,2.2,63.1,20.3
Kashmiri Biryani,Dal,148,3.0,61.1,20.0
Fry Fry,Biryani,626,35.7,55.9,57.9
Goan Chaat,Curry,666,27.1,71.2,9.4
Gravy Tandoori,Bread,477,10.9,37.6,33.7
Gravy Cutlet,Sweet,634,8.8,25.9,4.9
Fish Manchurian,Tandoor,834,11.9,64.9,55.9
Mild Butter Masala,South Indian,329,13.1,28.0,27.1
Gravy Chaat,Biryani,528,30.5,64.0,51.4
Tikka Cutlet,Biryani,692,36.4,64.8,54.1
Masala Biryani,Snacks,517,28.3,70.3,45.2
Kashmiri Masala,Sweet,616,37.1,46.2,17.0
Chettinad Kolhapuri,Snacks,393,37.8,42.3,6.6
Special Roast,Chinese-Indian,436,9.2,69.4,47.2
Goan Noodles,Bread,469,28.8,42.8,10.3
Special Do Pyaza,Chinese-Indian,397,8.9,28.3,25.4
Veg Cutlet,Dal,482,33.1,19.6,45.9
Paneer Fry,Rice,667,9.7,50.9,47.5
Kashmiri Noodles,Street Food,191,30.7,66.4,39.7
Goan Roast,Street Food,451,37.9,64.2,27.3
Veg Fry,Sweet,348,29.2,70.3,38.3
Garlic Tandoori,Snacks,380,32.2,30.5,43.0
Veg 65,Biryani,846,4.0,21.2,10.8
Mild 65,South Indian,227,27.0,77.2,47.3
Masala Chaat,Sweet,257,23.8,19.3,54.0
Butter Kolhapuri,Curry,251,29.7,60.9,43.6
Gravy Chaat,Snacks,251,21.2,23.4,58.8
Spicy Biryani,Street Food,658,19.5,38.2,29.9
Goan Khichdi,Street Food,223,4.4,44.8,14.7
Paneer Tandoori,Kebab,721,12.7,50.8,55.6
Garlic Chaat,Sweet,503,30.1,42.4,12.5
Chicken Tandoori,Dal,352,14.2,24.2,52.2
Veg Kolhapuri,Dal,592,26.0,38.9,31.1
Veg Cutlet,Street Food,820,5.6,31.0,9.8
Special Noodles,Dal,770,13.4,16.7,36.4
Punjabi Vindaloo,Street Food,747,4.8,40.6,54.8
Special Butter Masala,Kebab,216,17.5,6.0,20.2
Spicy Cutlet,Dal,637,2.1,73.3,57.0
Paneer Kebab,Snacks,800,38.5,45.5,42.0
Butter Noodles,Curry,840,32.1,62.7,41.2
Spicy Fry,Curry,750,9.6,24.8,51.7
Andhra Manchurian,South Indian,715,26.9,54.9,19.6
Masala Curry,Kebab,556,23.1,68.7,55.2
Fish Tandoori,Kebab,692,26.3,13.3,23.7
Veg Do Pyaza,Street Food,572,8.9,15.1,47.5
Butter Chaat,Tandoor,199,24.0,78.5,37.4
Fry Kebab,Snacks,358,15.5,8.2,33.2
Chicken Manchurian,Snacks,474,5.1,76.7,24.6
Chicken Roll,Curry,358,7.1,27.2,52.3
Kolhapuri Do Pyaza,Street Food,236,24.6,74.2,33.6
Tikka Biryani,Street Food,287,3.2,43.5,29.4
Veg Pulav,Curry,392,5.4,7.6,20.9
Chicken Handi,Street Food,812,36.0,34.1,12.7
Kolhapuri Pulav,Kebab,611,17.0,78.4,8.5
Kolhapuri Noodles,Snacks,139,18.3,5.4,50.4
Fish 65,Biryani,261,16.2,51.7,58.8
Special Cutlet,South Indian,677,31.1,30.4,43.5
Chettinad Cutlet,Snacks,425,9.2,25.9,29.4
Spicy Chaat,Tandoor,152,8.9,20.5,34.3
Mild Pulav,Chinese-Indian,189,23.3,38.6,46.4
Tikka Curry,Dal,153,4.4,77.3,52.8
Special Kebab,Biryani,281,34.2,53.8,18.6
Kashmiri Manchurian,Kebab,122,33.5,39.7,18.6
Butter Kolhapuri,Tandoor,572,28.0,28.5,15.8
Kashmiri Chaat,Street Food,715,12.5,53.8,15.0
Special Tandoori,Biryani,604,27.3,8.1,50.8
Garlic Curry,Dal,550,26.9,17.3,54.2
Masala Butter Masala,Curry,475,16.4,59.5,49.6
Chettinad Kolhapuri,Snacks,425,25.5,27.2,43.1
Egg Cutlet,Snacks,697,15.9,34.1,9.5
Tikka Chaat,Chinese-Indian,450,12.2,16.3,32.1
Tikka Curry,Rice,479,2.0,13.4,22.3
Fry Butter Masala,Biryani,587,30.6,44.7,39.7
Egg Fry,South Indian,714,22.5,47.8,29.6
Gravy Vindaloo,Snacks,353,37.9,6.0,11.1
Goan Masala,Street Food,226,35.0,43.1,2.9
Hyderabadi Curry,Biryani,484,8.8,58.5,29.2
Veg Do Pyaza,South Indian,207,17.8,61.4,48.1
Special Chaat,Snacks,731,37.4,73.1,56.4
Veg Fry,Chinese-Indian,317,36.7,15.7,10.7
Garlic Curry,Street Food,761,18.7,47.6,3.4
Special Vindaloo,Snacks,417,21.6,48.2,45.5
Kashmiri Roast,Chinese-Indian,257,5.4,57.5,28.5
Spicy Kolhapuri,Bread,409,2.6,63.7,29.0
Gravy Khichdi,Rice,141,33.2,14.4,13.3
Kashmiri Cutlet,Rice,797,27.2,15.9,46.5
Paneer Kolhapuri,Curry,153,2.6,11.1,39.7
Kolhapuri Kebab,Rice,585,12.7,60.9,28.5
Egg Curry,South Indian,802,24.0,61.9,50.8
Fish Noodles,Tandoor,159,28.4,19.1,11.0
Chettinad Pulav,Street Food,360,19.9,76.0,3.9
Andhra Noodles,Dal,809,32.9,14.8,59.3
Fry Khichdi,Kebab,624,20.7,16.9,18.1
Chicken Chaat,Curry,649,17.2,35.8,50.9
Punjabi Do Pyaza,Rice,647,9.0,31.8,32.5
Special Curry,Chinese-Indian,190,9.1,75.8,34.7
Kolhapuri Manchurian,Chinese-Indian,469,20.2,43.3,46.2
Garlic Handi,Curry,202,25.5,70.0,42.7
Andhra Vindaloo,Snacks,769,10.5,5.6,41.0
Tikka Biryani,Rice,499,9.2,18.5,29.8
Punjabi Roast,Tandoor,544,37.2,45.9,13.5
Garlic Curry,Tandoor,745,2.9,7.9,14.5
Veg Butter Masala,Biryani,500,12.0,12.4,6.3
Egg Vindaloo,Chinese-Indian,670,28.8,39.0,10.0
Chicken Biryani,Tandoor,373,8.6,12.4,9.8
Special Biryani,Chinese-Indian,249,30.4,59.0,38.8
Mild Noodles,Chinese-Indian,833,39.8,30.9,10.8
Veg Manchurian,Bread,319,35.9,18.7,38.5
Fry Pulav,Chinese-Indian,168,16.5,39.8,56.9
Gravy Roast,Kebab,710,15.9,19.3,33.9
Hyderabadi Masala,Biryani,240,17.3,22.3,47.1
Garlic Roll,Snacks,464,37.6,39.7,50.7
Butter Roast,South Indian,698,39.7,56.2,6.6
Goan Manchurian,Rice,496,20.0,26.9,52.1
Butter Vindaloo,Curry,716,23.1,48.4,43.1
Veg Chaat,Chinese-Indian,287,31.2,5.3,47.1
Egg Curry,Dal,266,25.2,5.7,18.6
Kashmiri Roll,Dal,452,19.6,68.4,16.5
Chettinad Cutlet,Rice,570,34.9,30.0,16.6
Garlic Biryani,Sweet,735,7.3,74.5,38.6
Punjabi Biryani,Snacks,356,21.5,23.2,47.4
Fry Kebab,Bread,601,34.7,64.1,57.3
Mild Do Pyaza,Snacks,684,30.4,31.3,48.5
Kolhapuri Kolhapuri,Chinese-Indian,807,23.9,38.5,43.0
Fry Handi,Dal,369,22.5,20.1,14.8
Paneer Tandoori,Bread,372,28.9,60.1,10.7
Garlic Biryani,Snacks,220,26.9,61.4,29.9
Butter Curry,Snacks,340,28.7,69.3,38.3
Paneer Manchurian,Dal,782,24.4,31.8,41.7
Mild Do Pyaza,Chinese-Indian,609,24.8,48.5,25.7
Veg Fry,Biryani,840,26.8,14.7,56.1
Garlic Pulav,Tandoor,217,4.9,39.0,3.7
Egg Butter Masala,Curry,659,19.6,43.5,51.9
Goan Do Pyaza,Curry,597,24.4,78.6,43.8
Masala Biryani,Tandoor,497,24.1,49.5,4.1
Spicy Biryani,Tandoor,442,27.5,74.9,34.4
Gravy Biryani,Bread,202,38.7,74.9,18.0
Goan Curry,Sweet,214,9.2,34.3,18.2
Fry Vindaloo,Bread,474,13.4,79.5,40.3
Butter Kebab,Tandoor,818,2.7,40.7,16.7
Goan Vindaloo,Street Food,193,35.2,62.9,34.7
Fish Do Pyaza,Dal,168,35.3,20.7,32.4
Fry 65,Sweet,763,10.9,78.3,19.1
Spicy Roll,Chinese-Indian,384,36.8,67.8,12.6
Kashmiri Noodles,Chinese-Indian,441,35.1,31.1,40.9
Special Tandoori,Curry,234,38.1,12.4,3.9
Masala Noodles,Rice,645,38.2,79.7,48.6
Andhra Pulav,Kebab,467,5.7,62.4,58.0
Garlic Vindaloo,Snacks,539,28.1,53.1,44.4
Fry Roll,Sweet,571,5.2,36.7,15.6
Tikka Fry,South Indian,395,9.0,63.8,29.7
Fry Masala,Street Food,272,35.9,48.3,41.8
Masala Handi,Curry,799,36.6,22.4,12.4
Chettinad Do Pyaza,Street Food,251,20.9,16.7,50.8
Hyderabadi Biryani,Tandoor,285,37.7,43.8,51.3
Garlic 65,South Indian,295,11.4,55.3,41.0
Chettinad Curry,Curry,238,19.0,17.0,30.3
Fish Kebab,Bread,313,25.8,43.5,59.7
Veg Curry,Rice,755,6.7,51.2,28.8
Kashmiri Manchurian,Biryani,653,36.3,54.6,46.0
Kashmiri Masala,Bread,603,38.3,40.5,31.6
Mutton Khichdi,Rice,220,15.9,34.0,57.4
Paneer Khichdi,Chinese-Indian,421,13.6,35.4,49.7
Egg Manchurian,Kebab,228,4.3,65.5,33.8
Chicken Masala,Street Food,445,6.6,42.9,23.6
Masala Do Pyaza,Curry,224,14.4,75.7,19.0
Hyderabadi Do Pyaza,Sweet,530,36.6,62.7,33.8
Garlic Roll,South Indian,275,25.2,34.6,3.8
Veg Roast,Sweet,741,15.0,65.3,43.8
Mutton Fry,Tandoor,359,37.5,66.7,15.0
Goan Pulav,South Indian,491,32.0,78.1,33.8
Masala Cutlet,Dal,421,27.1,34.2,17.4
Goan Do Pyaza,Sweet,357,22.1,31.7,8.1
Punjabi Masala,South Indian,506,29.5,36.1,39.1
Hyderabadi Kebab,Tandoor,817,7.7,34.4,28.7
Kashmiri Noodles,Bread,439,24.6,53.8,52.0
Goan Curry,Biryani,289,38.3,25.2,50.9
Andhra Vindaloo,Tandoor,386,6.9,57.9,52.0
Garlic Vindaloo,Biryani,555,7.1,13.2,19.0
Gravy Roast,Street Food,192,24.4,74.3,59.7
Mutton Pulav,Kebab,669,36.0,55.5,48.5
Mild Curry,Snacks,674,18.7,75.8,37.6
Goan Do Pyaza,Sweet,765,25.1,11.5,43.3
Butter Roast,Biryani,827,37.9,47.5,35.2
Chicken 65,Sweet,254,22.9,49.3,29.7
Gravy Biryani,Street Food,828,19.8,22.4,3.1
Andhra Manchurian,Snacks,592,28.7,65.4,34.4
Chettinad Biryani,South Indian,647,16.6,15.6,55.5
Kashmiri Handi,Sweet,613,25.1,69.2,42.9
Spicy Noodles,Chinese-Indian,294,7.0,23.0,24.7
Mutton Roast,Snacks,435,14.1,64.6,2.7
Garlic Noodles,Curry,828,33.5,61.8,43.9
Special Noodles,Tandoor,708,33.2,46.1,26.1
Butter Kolhapuri,South Indian,471,27.0,52.6,9.3
Tikka Tandoori,Snacks,493,38.4,27.3,58.8
Hyderabadi Fry,Dal,622,14.2,8.6,26.0
Tikka Chaat,Snacks,146,7.2,13.0,13.1
Kolhapuri Manchurian,Dal,338,16.8,55.1,19.3
Chicken Khichdi,Dal,547,22.1,67.4,20.5
Mutton Chaat,Biryani,274,33.9,44.8,52.3
Paneer Vindaloo,Biryani,850,19.9,49.0,19.1
Kolhapuri Handi,Chinese-Indian,373,32.9,17.3,5.5
Tikka Handi,Chinese-Indian,430,30.6,59.5,43.8
Chicken Roast,Curry,683,13.4,34.8,18.8
Kolhapuri Vindaloo,Snacks,567,18.4,43.2,18.0
Veg Butter Masala,Tandoor,524,31.3,9.4,43.4
Andhra Roast,Bread,136,26.0,71.0,59.3
Paneer Fry,Sweet,244,29.3,61.5,48.6
Gravy Pulav,Kebab,288,4.4,33.7,51.0
Mutton Pulav,Curry,251,17.6,53.6,15.6
Tikka Kolhapuri,Rice,663,3.8,6.6,57.5
Kashmiri Masala,South Indian,486,5.7,51.0,43.4
Spicy Chaat,South Indian,294,5.1,68.4,20.2
Veg Tandoori,Dal,594,20.1,34.2,24.4
Kolhapuri Do Pyaza,Bread,839,10.2,41.0,3.6
Gravy Kebab,Bread,773,15.2,64.7,51.9
Andhra Manchurian,Street Food,650,33.5,54.1,8.4
Mild Roll,Snacks,519,32.8,75.1,24.3
Veg Khichdi,Bread,465,16.4,57.2,34.7
Kolhapuri Kolhapuri,Chinese-Indian,146,14.0,62.6,23.8
Butter Kolhapuri,Sweet,525,39.6,40.1,11.9
Veg Roll,Rice,298,37.4,42.7,20.2
Tikka Roll,Street Food,582,40.0,25.1,56.1
Hyderabadi Tandoori,Snacks,656,39.8,12.6,19.6
Fry Biryani,Bread,638,16.1,20.3,23.7
Hyderabadi Chaat,Curry,435,35.9,14.0,23.3
Fry Chaat,Street Food,797,5.8,34.3,53.0
Kolhapuri Curry,Biryani,632,24.3,10.4,56.9
Tikka Curry,Rice,804,7.1,65.1,54.1
Butter Roast,Sweet,483,15.2,60.6,55.3
Kolhapuri Vindaloo,Sweet,702,9.2,46.0,20.9
Kashmiri Khichdi,Dal,142,32.1,54.2,44.8
Veg Roast,Curry,721,22.0,44.9,57.7
Andhra Pulav,Chinese-Indian,217,31.3,7.7,19.6
Veg Vindaloo,Biryani,553,25.2,21.6,17.2
Garlic 65,Bread,687,28.4,46.1,7.8
Goan Roast,Curry,404,22.7,61.6,23.3
Masala Roll,Street Food,331,15.2,30.2,25.6
Hyderabadi 65,Curry,392,12.9,5.7,12.9
Spicy Do Pyaza,Dal,558,12.6,49.0,36.1
Fry Handi,Biryani,217,13.6,8.7,25.2
Special Pulav,Street Food,842,4.8,26.0,31.8
Kashmiri Noodles,Bread,637,2.4,77.6,17.5
Gravy Khichdi,Dal,603,2.8,23.4,4.7
Egg Do Pyaza,Chinese-Indian,451,28.0,32.2,34.6
Chicken Butter Masala,Curry,473,21.6,45.3,28.5
Spicy Roll,Kebab,608,2.9,24.3,10.0
Masala Khichdi,Dal,839,15.0,79.9,57.5
Mild Chaat,Dal,128,4.5,69.5,45.8
Mutton Handi,Tandoor,594,22.5,7.9,24.2
Veg Curry,Sweet,722,32.6,17.0,29.5
Gravy Kebab,Dal,407,29.4,50.3,33.3
Chettinad Masala,Dal,721,11.9,20.6,36.0
Masala Curry,Street Food,636,26.8,10.4,28.4
